protein	protein_name	gene_name	GO	EC
A0A7T0LJM4	30S ribosomal protein S7	rpsG	GO:0000049,GO:0003735,GO:0006412,GO:0015935,GO:0019843	
F9PIW7	Aspartyl/glutamyl-tRNA(Asn/Gln) amidotransferase subunit B	gatB	GO:0005524,GO:0006412,GO:0016740,GO:0050567	6.3.5.-
F9ED35	Membrane protein insertase YidC	yidC	GO:0015031,GO:0016021,GO:0032977	
G9PCS5	50S ribosomal protein L19	rplS	GO:0003735,GO:0005840,GO:0006412,GO:1990904	
G9PDH7	Exonuclease domain-containing protein	orn	GO:0000175,GO:0003676	
G9PH59	Succinate dehydrogenase cytochrome b subunit	sdhC	GO:0016021	
E6KPS2	Cell wall synthesis protein Wag31	divIVA	GO:0005737,GO:0007049,GO:0051301	
A0A1G9WGP5	L-lactate dehydrogenase	ldh	GO:0004459,GO:0005737,GO:0006096	1.1.1.27
A0A1H0A808	30S ribosomal protein S14 type Z	rpsZ	GO:0003735,GO:0005840,GO:0006412,GO:0008270,GO:0019843,GO:1990904	
A0A1G9ZCM5	Integration host factor	hup	GO:0003677,GO:0030527	
A0A3P1V726	30S ribosomal protein S15	rpsO	GO:0003735,GO:0005737,GO:0005840,GO:0006412,GO:0019843,GO:1990904	
A0A3S4WHZ9	3-methyl-2-oxobutanoate hydroxymethyltransferase	panB	GO:0003864,GO:0005737,GO:0008168,GO:0015940,GO:0032259,GO:0046872	2.1.2.11
A0A095WV52	Endo/exonuclease/phosphatase domain-containing protein	exoA	GO:0006281	
A0A095WVI3	DUF3039 domain-containing protein			
A0A095WP38	UvrABC system protein B	uvrB	GO:0003677,GO:0005524,GO:0005737,GO:0006289,GO:0009380,GO:0009381,GO:0009432,GO:0016887	
A0A095WSA1	GTPase Obg	obg	GO:0000287,GO:0003924,GO:0005525,GO:0005737,GO:0042254	3.6.5.-
A0A095WP28	Nucleotide-binding protein HMPREF1627_09890	rapZ	GO:0005524,GO:0005525	
A0A095WUH4	HTH gntR-type domain-containing protein	yvoA_1	GO:0003677,GO:0003700	
C0W855	1,4-dihydroxy-2-naphthoyl-CoA synthase	menB	GO:0008935,GO:0009234	4.1.3.36
C0W844	Ferredoxin	fdxA	GO:0009055,GO:0046872,GO:0051538,GO:0051539	
J0XGE1	30S ribosomal protein S8	rpsH	GO:0003735,GO:0005840,GO:0006412,GO:0019843,GO:1990904	
J1HP34	Translation initiation factor IF-1	infA	GO:0003743,GO:0005737,GO:0019843,GO:0043022	
J1HNQ7	Aminotransferase	aspC	GO:0008483,GO:0009058,GO:0030170	2.6.1.-
A0A7T0LLQ6	Enolase	eno	GO:0000015,GO:0000287,GO:0004634,GO:0005576,GO:0006096,GO:0009986	4.2.1.11
F9PI67	50S ribosomal protein L2	rplB	GO:0003735,GO:0006412,GO:0015934,GO:0016740,GO:0019843	
A0A7T7MAP0	DUF3046 domain-containing protein			
G9PH10	30S ribosomal protein S10	rpsJ	GO:0003735,GO:0005840,GO:0006412,GO:1990904	
A0A1M6BBM1	30S ribosomal protein S9	rpsI	GO:0003735,GO:0005840,GO:0006412,GO:1990904	
A0A1M6G019	Pyruvate dehydrogenase E1 component	aceE	GO:0006096,GO:0046872	1.2.4.1
A0A1M6CF53	DUF4193 domain-containing protein			
A0A1M6GBA8		nrdD	GO:0006260,GO:0008998	
E6KQJ5	tRNA-specific 2-thiouridylase MnmA	mnmA	GO:0000049,GO:0005524,GO:0005737,GO:0006400,GO:0016783	2.8.1.13
E6KQ29	Histidine--tRNA ligase	hisS	GO:0004821,GO:0005524,GO:0005737,GO:0006427	
E6KRS5	Ribosomal RNA small subunit methyltransferase I	rsmI	GO:0000453,GO:0005737,GO:0070677	2.1.1.198
E6KQU8	DEAD/DEAH box helicase		GO:0003676,GO:0005524	
E6KT21	AAA_31 domain-containing protein	soj2		
A0A1H0A8C1	Elongation factor Tu	tuf	GO:0003746,GO:0003924,GO:0005525,GO:0005737	
A0A448KG92	Protease HtpX homolog	htpX	GO:0004222,GO:0005886,GO:0006508,GO:0008270,GO:0016021	3.4.24.-
A0A095WUN3	Serine hydroxymethyltransferase	glyA	GO:0004372,GO:0005737,GO:0008168,GO:0019264,GO:0030170,GO:0032259,GO:0035999	2.1.2.1
A0A095Z1C9	NADH-quinone oxidoreductase subunit D	nuoD	GO:0048038,GO:0051287	
A0A448HJC2	50S ribosomal subunit assembly factor BipA	typA	GO:0000027,GO:0000049,GO:0003924,GO:0005525,GO:0005737,GO:0019843,GO:0043022	3.6.5.-
A0A7Z1AIN1	30S ribosomal protein S19	rpsS	GO:0003735,GO:0005737,GO:0006412,GO:0015935,GO:0019843	
J0X9G9	Elongation factor P	efp	GO:0003746,GO:0005737	
J1HP38	50S ribosomal protein L16	rplP	GO:0000049,GO:0003735,GO:0005840,GO:0006412,GO:0019843,GO:1990904	
F9PID3	Co-chaperonin GroES	groES	GO:0005524,GO:0005737,GO:0140662	
A0A7T7S285	50S ribosomal protein L22	rplV	GO:0003735,GO:0006412,GO:0015934,GO:0019843	
A0A7T7S1W6	FHA domain-containing protein	odhI		
G9PH11	50S ribosomal protein L3	rplC	GO:0003735,GO:0005840,GO:0006412,GO:0019843,GO:1990904	
A0A1M6BBR1	50S ribosomal protein L13	rplM	GO:0003735,GO:0005840,GO:0006412,GO:1990904	
A0A1M6CQ11	Phosphoglycerate kinase	pgk	GO:0004618,GO:0005524,GO:0005737,GO:0006096	2.7.2.3
A0A095WUN9	Glucose-6-phosphate isomerase	pgi	GO:0004347,GO:0005737,GO:0006094,GO:0006096,GO:0097367	5.3.1.9
A0A448HD28		cydB	GO:0005886,GO:0016021	
A0A7Z0VSH3	Endoribonuclease YbeY	ybeY	GO:0004222,GO:0004521,GO:0005737,GO:0006364,GO:0008270	3.1.-.-
A0A7Z0VTW5	50S ribosomal protein L32	rpmF	GO:0003735,GO:0006412,GO:0015934	
A0A7Z0VU10	Thioredoxin domain-containing protein	ybbN		
J1H226	Helicase ATP-binding domain-containing protein	dinG	GO:0005524,GO:0006139,GO:0016818	
J1HHM0	ABC transporter domain-containing protein	macB_1	GO:0005524	
F9PKA3	UvrABC system protein A	uvrA	GO:0005524	
F9PNH4	ATPase		GO:0005524,GO:0016887	
F9EDH7	Inosine-5'-monophosphate dehydrogenase	guaB	GO:0003938	
A0A7T7M900	Transcription-repair-coupling factor	mfd	GO:0000716,GO:0003684,GO:0004386,GO:0005524,GO:0005737,GO:0006355,GO:0016787	3.6.4.-
A0A7T7MAZ0	Adenine phosphoribosyltransferase	apt	GO:0003999,GO:0005737,GO:0006166,GO:0006168,GO:0044209	2.4.2.7
A0A1M6ENE1	FHA domain-containing protein	k9ap		
E6KQI9	HIT domain-containing protein	hit		
A0A3S4U0P5	Cysteine desulfurase	sufS	GO:0006534,GO:0030170,GO:0031071	2.8.1.7
A0A448K934	Ribosome-binding ATPase YchF	ychF	GO:0005524,GO:0005525,GO:0016887,GO:0043022,GO:0043023	
A0A095Y5J2	DNA polymerase IV	dinB	GO:0003684,GO:0003887,GO:0006281,GO:0009432	
A0A095WW53	ABC transmembrane type-1 domain-containing protein	metP	GO:0005886,GO:0016021,GO:0055085	
A0A418US59	NADH-quinone oxidoreductase subunit NuoE	nuoE	GO:0046872	
A0A095Y1D0	Ribonuclease	rnhB	GO:0003723,GO:0004523,GO:0005737,GO:0046872	3.1.26.4
C0W881	NADH-quinone oxidoreductase subunit K	nuoK	GO:0005886,GO:0016021,GO:0042773,GO:0048038,GO:0050136	7.1.1.-
C0W8Q2	50S ribosomal protein L31	rpmE	GO:0003735,GO:0005840,GO:0006412,GO:1990904	
A0A7Z1AIA2	tRNA-dihydrouridine synthase	dusB	GO:0017150,GO:0050660	
A0A7Z1AID3	Metallophos domain-containing protein			
F9PL17	Uracil phosphoribosyltransferase	upp	GO:0000287,GO:0004845,GO:0005525,GO:0006223,GO:0044206	2.4.2.9
F9PMQ8	Serine acetyltransferase	cysE	GO:0005737,GO:0006535,GO:0009001	2.3.1.30
A0A7T7M859	Potassium transporter Trk	trkB	GO:0006813,GO:0008324,GO:0016021	
A0A7T7MAB0	N-acylglucosamine 2-epimerase	yihS	GO:0005975	
G9PH13	50S ribosomal protein L23	rplW	GO:0003735,GO:0005840,GO:0006412,GO:0019843,GO:1990904	
E6KRF2	tRNA-(MS[2]IO[6]A)-hydroxylase MiaE-like protein			
E6KTT7	Transporter		GO:0005886,GO:0006813,GO:0008324,GO:0016021	
A0A1G9UNB1	NMT1 domain-containing protein		GO:0009228	
A0A095Y5J5	LexA repressor	lexA	GO:0003677,GO:0004252,GO:0006260,GO:0006281,GO:0006508,GO:0009432,GO:0045892	3.4.21.88
A0A418UTU8	Ribosome-recycling factor	frr	GO:0005737,GO:0006415	
F9EGW5	Alanine--tRNA ligase	alaS	GO:0000049,GO:0004813,GO:0005524,GO:0005737,GO:0006419,GO:0008270	6.1.1.7
G9PCX3	Penicillin-binding protein 2	penA	GO:0008658	
G9PGY0	NlpC/P60 domain-containing protein	ripA_1		
A0A1M6HRW1	30S ribosomal protein S4	rpsD	GO:0003735,GO:0006412,GO:0015935,GO:0019843	
E6KQL7	ATP synthase subunit alpha	atpA	GO:0005524,GO:0005886,GO:0045261,GO:0046933	7.1.2.2
E6KTU0	M18 family aminopeptidase	apeB	GO:0004177,GO:0006508,GO:0008237,GO:0008270	3.4.11.-
E6KTP9	DNA-directed RNA polymerase subunit beta			
A0A095WXE6	DUF4191 domain-containing protein		GO:0016021	
C0W746	Chorismate mutase domain-containing protein	tyrA	GO:0004106,GO:0046417	
F9PJL5	30S ribosomal protein S20	rpsT	GO:0003735,GO:0005840,GO:0006412,GO:0019843,GO:1990904	
A0A7T7S1I7	Isoprenyl transferase	uppS	GO:0000287,GO:0004659	2.5.1.-
A0A7T7MCR6	Histidine kinase	tcrY_2	GO:0000155,GO:0016021	2.7.13.3
G9PCX9	UDP-N-acetylglucosamine--N-acetylmuramyl-(pentapeptide) pyrophosphoryl-undecaprenol N-acetylglucosamine transferase	murG	GO:0005886,GO:0005975,GO:0007049,GO:0008360,GO:0009252,GO:0030259,GO:0050511,GO:0051301,GO:0071555	2.4.1.227
G9PED6	HAD family hydrolase	ctpF	GO:0005524,GO:0005886,GO:0016021,GO:0016887	
A0A1M6BH56	50S ribosomal protein L1	rplA	GO:0000049,GO:0003735,GO:0006412,GO:0006417,GO:0015934,GO:0019843	
E6KQ52	Holliday junction ATP-dependent DNA helicase RuvA	ruvA	GO:0003677,GO:0005524,GO:0006281,GO:0006310,GO:0009378,GO:0009379,GO:0009432	3.6.4.12
E6KU60	50S ribosomal protein L5	rplE	GO:0000049,GO:0003735,GO:0005840,GO:0006412,GO:0019843,GO:1990904	
E6KSL8	LMWPc domain-containing protein	ptpA		
A0A1H0EIN6	Tryptophan--tRNA ligase	trpS	GO:0004830,GO:0005524,GO:0006436	6.1.1.2
A0A3P1V9A5	HlyC/CorC family transporter	ytfL	GO:0016021	
A0A095WVH2	Serine--tRNA ligase	serS	GO:0004828,GO:0005524,GO:0006434	6.1.1.11
A0A095WST7		sufC	GO:0005524	
A0A095WVV2	Deoxyguanosinetriphosphate triphosphohydrolase-like protein	dgt	GO:0000287,GO:0006203,GO:0008832	
A0A095Z0R0	AAA ATPase forming ring-shaped complexes	arc	GO:0000502,GO:0005524,GO:0010498,GO:0016887,GO:0019941	
A0A448HFY8	Acetate kinase	ackA	GO:0000287,GO:0005524,GO:0005737,GO:0006082,GO:0006085,GO:0008776,GO:0016310	2.7.2.1
A0A418UWG6	ABC transporter	mntB_2	GO:0005887,GO:0043190,GO:0055085	
A0A095WQX6	50S ribosomal protein L7/L12	rplL	GO:0003735,GO:0005840,GO:0006412,GO:1990904	
A0A095WQG8	RCK N-terminal domain-containing protein	ktrA	GO:0006813	
A0A095YXT4	ABC transporter ATP-binding protein	yheH_1	GO:0005524,GO:0016021,GO:0140359	
C0W3T8	Pyruvate formate-lyase-activating enzyme	pflA	GO:0005737,GO:0043365,GO:0046872,GO:0051539	
C0W872	NADH-quinone oxidoreductase subunit	nuoA	GO:0005886,GO:0008137,GO:0016021,GO:0048038	7.1.1.-
C0W499	DUF4921 domain-containing protein			
A0A7Z0VTB5	Coenzyme A biosynthesis bifunctional protein CoaBC	coaBC	GO:0004632,GO:0004633,GO:0010181,GO:0015937,GO:0015941,GO:0046872	4.1.1.36,6.3.2.5
A0A7Z1AIB8	DNA repair protein RecN	recN	GO:0005524,GO:0006281,GO:0006310	
A0A7Z1AJ95	50S ribosomal protein L4	rplD	GO:0003735,GO:0005737,GO:0005840,GO:0006412,GO:0019843,GO:1990904	
A0A7T0LND8	Probable transcriptional regulatory protein ID810_05850	yebC	GO:0003677,GO:0005737,GO:0006355	
F9PHT7	Hypoxanthine phosphoribosyltransferase	hpt	GO:0000166,GO:0004422,GO:0005737,GO:0006166,GO:0032264,GO:0046872	2.4.2.8
A0A7T7MAQ2	YggT family protein		GO:0016021	
G9PGA2	Chaperone protein DnaK	dnaK	GO:0005524,GO:0051082,GO:0140662	
A0A1M6F2G6	Phosphoenolpyruvate carboxykinase [GTP]	pckG	GO:0004613,GO:0005525,GO:0005737,GO:0006094,GO:0016301,GO:0016310	4.1.1.32
A0A1G9T9E3	50S ribosomal protein L29	rpmC	GO:0003735,GO:0005840,GO:0006412,GO:1990904	
A0A095WSU6	Nudix hydrolase domain-containing protein	nudF		
A0A418UQT0	30S ribosomal protein S17	rpsQ	GO:0003735,GO:0005840,GO:0006412,GO:0019843,GO:1990904	
A0A095Y1M5	DNA helicase	helD	GO:0003677,GO:0003678,GO:0005524	3.6.4.12
A0A095YSL3	Nucleoside triphosphate pyrophosphatase	maf	GO:0005737,GO:0009117,GO:0047429	3.6.1.9
A0A095Y293	Orotate phosphoribosyltransferase	pyrE		
A0A7Z0VTJ4	Putative tRNA (cytidine(34)-2'-O)-methyltransferase	trmL	GO:0003723,GO:0005737,GO:0008175,GO:0008757	2.1.1.207
A0A7Z1AIC5	50S ribosomal protein L35	rpmI	GO:0003735,GO:0005840,GO:0006412,GO:1990904	
F9EH06	Holliday junction ATP-dependent DNA helicase RuvB	ruvB	GO:0003677,GO:0005524,GO:0006281,GO:0006310,GO:0009378,GO:0009432	3.6.4.12
G9PEP2	DUF177 domain-containing protein			
A0A1M6AXR8	POLIIIAc domain-containing protein			
A0A1M6CKK1	Pup--protein ligase	pafA	GO:0010498,GO:0019941	
A0A1G9V7M7	2,3-bisphosphoglycerate-dependent phosphoglycerate mutase	gpmA	GO:0006094,GO:0006096,GO:0046538	5.4.2.11
A0A095WWF1	Endo/exonuclease/phosphatase domain-containing protein	xthA	GO:0006281,GO:0008853	
A0A7Z1AHY9	FtsK domain-containing protein	spoIIIE	GO:0003677,GO:0005524,GO:0016021	
A0A7Z0VSX8		sufD	GO:0016226	
F9EJ73	Glycerophosphodiester phosphodiesterase		GO:0005524	
A0A7T7MBR8		dop_2	GO:0010498,GO:0019941	
G9PEP3	ATPase			
E6KP50	DNA gyrase subunit A	gyrA	GO:0003677,GO:0005524,GO:0006265,GO:0034335	5.6.2.2
E6KU63	50S ribosomal protein L6	rplF	GO:0003735,GO:0005840,GO:0006412,GO:0019843,GO:1990904	
E6KPC7	Aldo_ket_red domain-containing protein	yhdN		
E6KQE9	DUF3043 domain-containing protein		GO:0016021	
E6KT63	Aminotran_1_2 domain-containing protein	patB_1	GO:0009058,GO:0030170	
A0A3S4SR09	ATP-dependent Clp protease proteolytic subunit	clpP	GO:0004176,GO:0004252,GO:0005737,GO:0006508	3.4.21.92
A0A3S5EMB3	ArsR family transcriptional regulator			
A0A095Y7P2	Homoserine kinase	thrB	GO:0004413,GO:0005524,GO:0005737,GO:0009088,GO:0016310	2.7.1.39
A0A095WTV4	PspA/IM30 family protein			
A0A095Y617	AMP-binding domain-containing protein			
A0A418US80	NADH-quinone oxidoreductase subunit I	nuoI	GO:0005506,GO:0005886,GO:0048038,GO:0050136,GO:0051539	7.1.1.-
A0A095YUJ8	NADH-quinone oxidoreductase subunit L	nuoL	GO:0008137,GO:0016021,GO:0042773	
C0W7F9	UDP-N-acetylmuramoylalanine--D-glutamate ligase	murD	GO:0005524,GO:0005737,GO:0007049,GO:0008360,GO:0008764,GO:0009252,GO:0051301,GO:0071555	6.3.2.9
C0W570	Crp/Fnr family transcriptional regulator	crp	GO:0003677,GO:0006355	
A0A7Z0VTK1	30S ribosomal protein S3	rpsC	GO:0003729,GO:0003735,GO:0005840,GO:0006412,GO:0019843,GO:1990904	
A0A7Z1AH80	Chromosomal replication initiator protein DnaA	dnaA	GO:0003688,GO:0005524,GO:0005737,GO:0006270,GO:0006275	
J0NJB4	Inorganic pyrophosphatase	ppa	GO:0000287,GO:0004427,GO:0005737,GO:0006796	3.6.1.1
F9PMW7	Alpha-1,4-glucan:maltose-1-phosphate maltosyltransferase	glgE	GO:0004553,GO:0016758,GO:0030979	2.4.99.16
F9EHU9	Glutamate racemase	murI	GO:0008360,GO:0008881,GO:0009252,GO:0071555	5.1.1.3
E6KTV3	Lipid II isoglutaminyl synthase (glutamine-hydrolyzing) subunit GatD	gatD	GO:0004359,GO:0006541,GO:0008360,GO:0009252,GO:0071555,GO:0140282	3.5.1.2,6.3.5.13
A0A3P1V8K1	CDP-diacylglycerol--glycerol-3-phosphate 3-phosphatidyltransferase	pgsA	GO:0008444,GO:0008654,GO:0016021	
A0A095WTW1	Permease	pbuG	GO:0015205,GO:0016021,GO:1904823	
A0A448HFG9	Peptidase M13	pepO	GO:0004222,GO:0006508,GO:0046872	
A0A3S5EH22	MFS domain-containing protein		GO:0016021	
A0A418UQZ5	DNA-directed RNA polymerase subunit alpha	rpoA	GO:0000428,GO:0003677,GO:0003899,GO:0005737,GO:0006351,GO:0046983	2.7.7.6
A0A095WP63	Protein-export membrane protein SecF	secF	GO:0005886,GO:0006605,GO:0015450,GO:0016021,GO:0043952,GO:0065002	
A0A095YWF0	50S ribosomal protein L27	rpmA	GO:0003735,GO:0005840,GO:0006412,GO:1990904	
A0A7Z0VSP1	Hydrolase_4 domain-containing protein			
F9PJN0	Elongation factor 4	lepA	GO:0003746,GO:0003924,GO:0005525,GO:0005886,GO:0043022,GO:0045727	3.6.5.n1
F9EIQ3	DNA-binding response regulator	mtrA	GO:0000160,GO:0003677,GO:0006355	
A0A7T7MBF7	ABC transmembrane type-1 domain-containing protein	ssuC	GO:0005886,GO:0016021,GO:0055085	
E6KTY2	Chaperonin GroEL	groEL	GO:0005524,GO:0005737,GO:0009986,GO:0016853,GO:0042026,GO:0042603,GO:0051082,GO:0140662	5.6.1.7
E6KTU9	Chaperone protein DnaJ	dnaJ	GO:0006457,GO:0051082	
A0A3P1VA39	Chaperone protein ClpB	clpB	GO:0005524,GO:0016887	
A0A3S4U0H1	Exodeoxyribonuclease 7 large subunit	xseA	GO:0003676,GO:0005737,GO:0006308,GO:0008855,GO:0009318	3.1.11.6
A0A448KFC9	30S ribosomal protein S2	rpsB	GO:0003735,GO:0006412,GO:0015935	
A0A095WQI1	Sodium:alanine symporter	agcS	GO:0005283,GO:0005886,GO:0016021	
A0A3S4RYD5	UPF0182 protein NCTC11636_02558		GO:0005886,GO:0016021	
A0A418UUV7	Ribosomal RNA small subunit methyltransferase G	rsmG	GO:0005737,GO:0070043	2.1.1.-
A0A095WTL7	Lipid II isoglutaminyl synthase (glutamine-hydrolyzing) subunit MurT	murT	GO:0005524,GO:0008360,GO:0009252,GO:0046872,GO:0071555,GO:0140282	6.3.5.13
C0W347	Fe-S_biosyn domain-containing protein		GO:0016226,GO:0051537	
A0A7Z1AIY1	FHA domain-containing protein	garA		
J0XD16	PTS EIIB type-1 domain-containing protein	ptsG	GO:0008982,GO:0009401	
F9EIC0	Peptide chain release factor 1	prfA	GO:0005737,GO:0016149	
A0A7T7M8J6	Sugar-bind domain-containing protein	deoR_2	GO:0030246	
E6KPK5	Nucleoside diphosphate kinase	ndk	GO:0004550,GO:0005524,GO:0006165,GO:0006183,GO:0006228,GO:0006241	2.7.4.6
E6KSH4	Lipoprotein	metQ	GO:0016020	
E6KQ91	Nif3-like dinuclear metal center hexameric protein			
A0A095WXU4	NADH-quinone oxidoreductase subunit B	nuoB	GO:0005506,GO:0005886,GO:0008137,GO:0048038,GO:0051539	7.1.1.-
A0A095Y5C0	Beta-lactamase	pbpA	GO:0008658	
A0A418USP7	Glutamate dehydrogenase	gdhA	GO:0000166,GO:0004353,GO:0006520	
A0A7Z0VRG4	Bax inhibitor-1/YccA family protein		GO:0016021	
A0A7Z1AHJ3	SpoU_sub_bind domain-containing protein	tsnR	GO:0003723,GO:0005737,GO:0006396,GO:0008173	
F9PND2	50S ribosomal protein L25	rplY	GO:0003735,GO:0005840,GO:0006412,GO:0008097,GO:1990904	
F9EHZ1	Ketol-acid reductoisomerase (NADP(+))	ilvC	GO:0000287,GO:0004455,GO:0009097,GO:0009099,GO:0016853,GO:0050661	1.1.1.86
A0A1M6FJC1	Uridylate kinase	pyrH	GO:0005524,GO:0005737,GO:0016310,GO:0033862,GO:0044210	2.7.4.22
E6KP90	TPPK_C domain-containing protein		GO:0004788,GO:0005524,GO:0009229,GO:0016301,GO:0016310	
E6KPJ7	DNA topoisomerase (ATP-hydrolyzing)	gyrB	GO:0003677,GO:0005524,GO:0006265,GO:0034335	5.6.2.2
E6KPW6	Ribonuclease J	rnj	GO:0003723,GO:0004521,GO:0004534,GO:0005737,GO:0006364,GO:0008270	3.1.-.-
E6KU67	50S ribosomal protein L15	rplO	GO:0003735,GO:0006412,GO:0015934,GO:0019843	
A0A448KAZ4	Phosphoglucomutase (alpha-D-glucose-1,6-bisphosphate-dependent)	pgm	GO:0000287,GO:0004614,GO:0005975	5.4.2.2
A0A095WVU4	Riboflavin biosynthesis protein	ribF	GO:0003919,GO:0005524,GO:0006747,GO:0008531,GO:0009231,GO:0016310	2.7.1.26,2.7.7.2
A0A095WTG2	30S ribosomal protein S6	rpsF	GO:0003735,GO:0005840,GO:0006412,GO:0019843,GO:1990904	
A0A095WSE1	CBS domain-containing protein	mgtE	GO:0015095,GO:0016020	
C0W6S5	ABC transmembrane type-1 domain-containing protein	malG	GO:0005886,GO:0016021,GO:0055085	
A0A7Z0VR22	50S ribosomal protein L20	rplT	GO:0000027,GO:0003735,GO:0005840,GO:0006412,GO:0019843,GO:1990904	
A0A7Z0VQM0	Histidine phosphatase family protein	gpm2		
A0A7Z0VUM2	tRNA (Adenine-N1)-methyltransferase	trmI	GO:0016429,GO:0031515	
A0A7Z1AI59	Tetrahydrofolate synthase	folC	GO:0004326,GO:0005524,GO:0046872	
J0WYS8	Cysteine--tRNA ligase	cysS	GO:0004817,GO:0005524,GO:0005737,GO:0006423,GO:0008270	6.1.1.16
J0N4M2	Phospho-2-dehydro-3-deoxyheptonate aldolase	dhs	GO:0003849,GO:0008652,GO:0009073,GO:0009423	2.5.1.54
F9EGC0	Peptide deformylase	def	GO:0006412,GO:0042586,GO:0046872	3.5.1.88
F9EI90	ABC transporter ATP-binding protein	lmrA	GO:0005524,GO:0016021,GO:0140359	
A0A7T7S1Z8	Molybdopterin molybdenumtransferase	moeA	GO:0006777,GO:0032324,GO:0046872,GO:0061599	2.10.1.1
G9PGF5	Non-specific serine/threonine protein kinase	pknB	GO:0005524,GO:0006468	2.7.11.1
E6KQ80	Arginine repressor	argR	GO:0003677,GO:0003700,GO:0005737,GO:0006526,GO:0034618,GO:0051259	
A0A1G9WK22	4-alpha-glucanotransferase	malQ	GO:0004134,GO:0005975	2.4.1.25
A0A3P1V8R6	Beta sliding clamp	dnaN	GO:0003677,GO:0003887,GO:0005737,GO:0006260,GO:0008408,GO:0009360	
A0A3S4SPN8	MTS domain-containing protein	rsmC_2		
A0A095WY55	50S ribosomal protein L30	rpmD	GO:0003735,GO:0006412,GO:0015934	
A0A095Y0B3	Phosphatidate cytidylyltransferase	cdsA	GO:0016021,GO:0016024	2.7.7.41
A0A095Y5N3	GTPase Era	era	GO:0003924,GO:0005525,GO:0005737,GO:0005886,GO:0042274,GO:0070181	
A0A418UTG9	Protein RecA	recA	GO:0003684,GO:0003697,GO:0005524,GO:0005737,GO:0006281,GO:0006310,GO:0009432,GO:0140664	
A0A095WMV0	Valine--tRNA ligase	valS	GO:0002161,GO:0004832,GO:0005524,GO:0005737,GO:0006438	6.1.1.9
A0A7Z0VQ68	30S ribosomal protein S18	rpsR	GO:0003735,GO:0005840,GO:0006412,GO:0019843,GO:1990904	
A0A7Z0VSP2	Large-conductance mechanosensitive channel	mscL	GO:0008381	
A0A7Z1AIV0	Proline--tRNA ligase	proS	GO:0002161,GO:0004827,GO:0005524,GO:0005737,GO:0006433	6.1.1.15
A0A7Z0VU24	Response regulatory domain-containing protein			
A0A7Z1AI60		yciO	GO:0003725	
A0A7T0LMH7	Transcriptional regulator WhiB	whiB	GO:0003677,GO:0005737,GO:0006355,GO:0035731,GO:0046872,GO:0051539	
A0A7T7S2F4	Single-stranded DNA-binding protein	ssb	GO:0003697,GO:0006260	
G9PD23	tRNA dimethylallyltransferase	miaA	GO:0005524,GO:0008033,GO:0052381	2.5.1.75
A0A1G9VRQ3	Pyrophosphate--fructose 6-phosphate 1-phosphotransferase	pfp	GO:0003872,GO:0005737,GO:0006002,GO:0046872,GO:0047334	2.7.1.90
A0A1G9ZIS6	HTH lacI-type domain-containing protein	malR	GO:0003677,GO:0006355	
A0A095WY11	D-alanyl-D-alanine carboxypeptidase/D-alanyl-D-alanine-endopeptidase	dacB	GO:0006508	
A0A095Y7C5	TsaD domain-containing protein	yeaZ	GO:0002949	
A0A095WND3	Stage II sporulation protein M		GO:0016021	
A0A095WSR8	Zinc ribbon domain protein			
A0A7T0PVK3	Replicative DNA helicase	dnaB	GO:0003677,GO:0003678,GO:0005524,GO:0006269,GO:1990077	3.6.4.12
A0A7T0PWG6	DUF3000 domain-containing protein			
F9EFU9	Ribosome maturation factor RimP	rimP	GO:0005737,GO:0042274	
A0A7T7M9V9	Aldo/keto reductase	morA		
A0A7T7S350	ABC transporter domain-containing protein	sitB	GO:0005524	
A0A1G9SSV6	ABC transporter domain-containing protein	drrA_11	GO:0005524	
A0A095WRW4	Isoleucine--tRNA ligase	ileS	GO:0000049,GO:0002161,GO:0004822,GO:0005524,GO:0005737,GO:0006428,GO:0008270	6.1.1.5
A0A095Y0D1	Ribosome maturation factor RimM	rimM	GO:0005737,GO:0005840,GO:0006364,GO:0042274,GO:0043022	
A0A095WWK6	SpoU_methylase domain-containing protein	spoU2	GO:0003723,GO:0006396,GO:0008173	
A0A095Z187	HRDC domain-containing protein	rnd	GO:0000166,GO:0003676,GO:0008408	
A0A418US41	UDP-glucose 4-epimerase	galE	GO:0003978,GO:0006012	5.1.3.2
A0A095WN12	Small ribosomal subunit biogenesis GTPase RsgA	rsgA	GO:0003924,GO:0005525	
A0A095WTK2		copA	GO:0005524,GO:0005886,GO:0016021,GO:0016887,GO:0046872	
A0A7Z0VU53	Dihydrolipoyl dehydrogenase	lpdA	GO:0004148,GO:0045454,GO:0050660	1.8.1.4
A0A7Z1AI65	S4 domain-containing protein	tlyA	GO:0003723,GO:0008168,GO:0032259	
F9PI84	Protein translocase subunit SecY	secY	GO:0005886,GO:0006605,GO:0016021,GO:0043952,GO:0065002	
A0A1M6D8C4	Phenylalanine--tRNA ligase alpha subunit	pheS	GO:0000049,GO:0000287,GO:0004826,GO:0005524,GO:0005737,GO:0006432	6.1.1.20
A0A1M6DS74	Acetolactate synthase small subunit	ilvN	GO:0003984,GO:0005737,GO:0009097,GO:0009099,GO:1990610	2.2.1.6
A0A095Z232	Methionine aminopeptidase	map	GO:0006508,GO:0070006,GO:0070084	3.4.11.18
A0A095WV31	Alpha-1,4 glucan phosphorylase	glgP	GO:0005975,GO:0008184,GO:0030170	2.4.1.1
A0A095Y0D4	Signal recognition particle protein	ffh	GO:0003924,GO:0005525,GO:0006614,GO:0008312,GO:0048500	
A0A095YUR7	Acetolactate synthase	ilvB	GO:0000287,GO:0030976	
A0A095Z195		glgX		
A0A448HJZ4	ABC transporter ATP-binding protein	msbA_2	GO:0005524,GO:0016021,GO:0140359	
A0A095XYD3	Pyruvate kinase	pyk	GO:0000287,GO:0004743,GO:0005524,GO:0016301,GO:0030955	2.7.1.40
C0W536	Energy-dependent translational throttle protein EttA	ettA	GO:0005524	
A0A7Z0VU72	S-adenosylmethionine synthase	metK	GO:0004478,GO:0005524,GO:0006556,GO:0006730	2.5.1.6
A0A7Z0VTG5	PglZ domain-containing protein			
J1HQ98	Elongation factor G	fusA	GO:0003746,GO:0003924,GO:0005525,GO:0005737	
F9PJ89	Glutamate--tRNA ligase	gltX	GO:0000049,GO:0004818,GO:0005524,GO:0005737,GO:0006424,GO:0008270	6.1.1.17
F9PLD8	Peptidyl-prolyl cis-trans isomerase	cypB	GO:0000413,GO:0003755,GO:0006457	5.2.1.8
F9PGT0	AB hydrolase-1 domain-containing protein	tap_2		
F9EI14	Thymidylate synthase	thyA	GO:0004799,GO:0005737,GO:0006231,GO:0006235,GO:0032259	2.1.1.45
G9PD99	Peptidase_S9 domain-containing protein	ptpA_1	GO:0006508,GO:0008236	
E6KS94	D-aminoacyl-tRNA deacylase	dtd	GO:0000049,GO:0005737,GO:0019478,GO:0043908,GO:0051499,GO:0106026	3.1.1.96
A0A3P1V825	Arginine--tRNA ligase	argS	GO:0004814,GO:0005524,GO:0005737,GO:0006420	6.1.1.19
A0A3P1V0W9	Sodium-dependent transporter		GO:0015293,GO:0016021	
A0A3S4WIC6	Peptidyl-tRNA hydrolase	pth	GO:0004045,GO:0005737,GO:0006412	3.1.1.29
A0A095WWN8	Transketolase	tkt	GO:0004802,GO:0046872	2.2.1.1
A0A095Y602	Prephenate dehydrogenase	tyrA	GO:0004665,GO:0006571,GO:0008977	
A0A095XYD7	Endolytic murein transglycosylase	mltG	GO:0005887,GO:0008932,GO:0009252,GO:0016829,GO:0071555	4.2.2.-
A0A7Z0VQ73	Class E sortase		GO:0016021,GO:0016787	
A0A7Z1AIF3	Protoporphyrinogen oxidase	hemG		
F9PLW2	o-succinylbenzoate synthase	menC		
A0A1M6A8R7	Cysteine synthase	cysK	GO:0004124,GO:0006535	2.5.1.47
E6KPQ0	Phosphopantetheine adenylyltransferase	coaD	GO:0004595,GO:0005524,GO:0005737,GO:0015937	2.7.7.3
A0A095WW06	HIT domain-containing protein		GO:0000166	
A0A095WUT2	Phosphoenolpyruvate-protein phosphotransferase	ptsP	GO:0009401,GO:0016310,GO:0046872	
A0A7Z0VSK9	DUF5926 domain-containing protein			
A0A7T0LJW1	DNA-directed RNA polymerase subunit beta	rpoB	GO:0000428,GO:0003677,GO:0003899,GO:0006351,GO:0032549	2.7.7.6
F9PI89	30S ribosomal protein S13	rpsM	GO:0000049,GO:0003735,GO:0005840,GO:0006412,GO:0019843,GO:1990904	
F9PI04	Glycerol kinase	glpK	GO:0016310	
A0A7T7S2I7	Aminopeptidase N	pepN	GO:0004177,GO:0006508,GO:0008237,GO:0008270	
G9PHW8	Tyrosine--tRNA ligase	tyrS	GO:0003723,GO:0004831,GO:0005524,GO:0005737,GO:0006437	6.1.1.1
G9PF42	Guanylate cyclase domain-containing protein		GO:0004016,GO:0009190,GO:0035556	
A0A1M6B2R7	ATP synthase subunit beta	atpD	GO:0005524,GO:0005886,GO:0045261,GO:0046933	7.1.2.2
A0A1G9XR11	1,4-alpha-glucan branching enzyme GlgB	glgB	GO:0003844,GO:0004553,GO:0005978,GO:0043169	2.4.1.18
A0A1G9Z8Q8	Ribonucleoside-diphosphate reductase	nrdE	GO:0004748,GO:0005524,GO:0006260	1.17.4.1
A0A448KDZ4	Indole-3-glycerol-phosphate synthase	trpC	GO:0000162,GO:0004425	4.1.1.48
A0A095WSR4	UDP-N-acetylmuramoyl-tripeptide--D-alanyl-D-alanine ligase	murF	GO:0005524,GO:0005737,GO:0007049,GO:0008360,GO:0009252,GO:0047480,GO:0051301,GO:0071555	6.3.2.10
A0A095Y611	Glyceraldehyde-3-phosphate dehydrogenase	gap	GO:0004365,GO:0006006,GO:0050661,GO:0051287	
A0A095WS70	Peptidoglycan glycosyltransferase	ftsW	GO:0008360,GO:0016021,GO:0051301	
A0A095YV70	DUF3145 domain-containing protein			
A0A095YXZ5	D-alanine--D-alanine ligase	ddl	GO:0005524,GO:0005737,GO:0008360,GO:0008716,GO:0009252,GO:0046872,GO:0071555	6.3.2.4
A0A095XYG5	NfeD domain-containing protein		GO:0016021	
A0A7Z0VQF3	Transcriptional regulator MraZ	mraZ	GO:0003677,GO:0003700,GO:0005737,GO:0009295	
A0A7Z0VU87	30S ribosomal protein S11	rpsK	GO:0003735,GO:0005840,GO:0006412,GO:0019843,GO:1990904	
A0A7Z1AIQ0	Nuclease			
J0X7Q7	NADH-quinone oxidoreductase subunit F	nuoF	GO:0008137,GO:0010181,GO:0045271,GO:0046872,GO:0048038,GO:0051287,GO:0051539	7.1.1.-
J1HLK9	DNA-binding response regulator	devR_2	GO:0000160,GO:0003677,GO:0006355	
A0A7T7S2Y6	Copper transporter		GO:0055070	
G9PD15	CinA domain-containing protein	cinA		
E6KU81	Phosphoglucosamine mutase	glmM	GO:0000287,GO:0005975,GO:0008966	5.4.2.10
E6KQ44	ABC transporter domain-containing protein	znuC_2	GO:0005524	
A0A3S4UN73	tRNA N6-adenosine threonylcarbamoyltransferase	tsaD	GO:0002949,GO:0005506,GO:0005737	2.3.1.234
A0A095WWB3	Polyribonucleotide nucleotidyltransferase	pnp	GO:0003723,GO:0004654,GO:0005737,GO:0006396,GO:0006402	2.7.7.8
A0A3S4RVJ0	PhoH domain-containing protein	phoH	GO:0005524	
A0A095YSC4	UDP-N-acetylglucosamine 1-carboxyvinyltransferase	murA	GO:0005737,GO:0007049,GO:0008360,GO:0008760,GO:0009252,GO:0019277,GO:0051301,GO:0071555	2.5.1.7
A0A095WSU8	Protein often found in actinomycetes clustered with signal peptidase and/or RNaseHII			
A0A095YUW6	Hemolysin III family protein	yqfA	GO:0016021	
A0A095YY22	Adenylosuccinate lyase	purB	GO:0004018	
A0A7Z0VST9	Transcription termination/antitermination protein NusG	nusG	GO:0006353,GO:0006354,GO:0031564,GO:0032784	
J0MR92	Zinc ABC transporter substrate-binding protein	adcA	GO:0030001,GO:0046872	
G9PE83	Putative pre-16S rRNA nuclease	ruvX		
A0A1M6AC04	ATP-dependent Clp protease proteolytic subunit	clpP	GO:0004176,GO:0004252,GO:0005737,GO:0006508	3.4.21.92
A0A1M6BEI5	50S ribosomal protein L14	rplN	GO:0003735,GO:0006412,GO:0015934,GO:0019843	
E6KS14	1,4-dihydroxy-2-naphthoate octaprenyltransferase	menA	GO:0005887,GO:0009234,GO:0046428	2.5.1.74
E6KQ45	Glycogen synthase	glgA	GO:0009250	
A0A1G9X985	Glutamyl-tRNA(Gln) amidotransferase subunit A	gatA		
A0A095WV24	ABC transporter domain-containing protein	metN	GO:0005524,GO:0015821,GO:0042626	
A0A095Y089	DUF3052 domain-containing protein			
A0A095XWI1	Branched-chain-amino-acid transaminase	ilvE		
A0A095YSC8	D-alanine--D-alanine ligase	ddl	GO:0005524,GO:0005737,GO:0008360,GO:0008716,GO:0009252,GO:0046872,GO:0071555	6.3.2.4
A0A095XZJ5	50S ribosomal protein L10	rplJ	GO:0003735,GO:0006412,GO:0015934,GO:0070180	
C0W6E4	30S ribosomal protein S5	rpsE	GO:0003735,GO:0006412,GO:0015935,GO:0019843	
C0W321	Transcriptional repressor	fur	GO:0003700	
A0A7Z0VS48	Spermidine/putrescine import ATP-binding protein PotA	ugpC	GO:0005524	
J0MLS1	Formate acetyltransferase	pflB		
J1H1V4	Phosphomannomutase		GO:0005737	
A0A7T0LJD5	ATP synthase subunit c	atpE	GO:0005886,GO:0008289,GO:0016021,GO:0045263,GO:0046933	
F9ECM8	Ribokinase	rbsK		
F9EEE6	Pyruvate, phosphate dikinase	ppdK	GO:0005524,GO:0006090,GO:0016301,GO:0016310,GO:0046872,GO:0050242	2.7.9.1
E6KPS8	UDP-N-acetylmuramate--L-alanine ligase	murC	GO:0005524,GO:0005737,GO:0007049,GO:0008360,GO:0008763,GO:0009252,GO:0051301,GO:0071555	6.3.2.8
E6KPP3		cydC	GO:0005524,GO:0016021,GO:0140359	
E6KQL2	Endonuclease NucS	nucS	GO:0000014,GO:0003677,GO:0005737	3.1.-.-
E6KQA9	PDZ domain-containing protein		GO:0004222,GO:0006508,GO:0016021	
E6KRL9	TatD DNase family protein	ycfH	GO:0016788	
A0A095WXN7	50S ribosomal protein L18	rplR	GO:0003735,GO:0005737,GO:0005840,GO:0006412,GO:0019843,GO:1990904	
A0A095WW96	SpoU_sub_bind domain-containing protein	rlmB	GO:0003723,GO:0005737,GO:0006396,GO:0008173	
A0A095WX81	Polyprenyl synthetase family protein	hepT	GO:0008299	
A0A095Y7N8	YrdC-like domain-containing protein	rimN	GO:0003725	
A0A095YZD4	DUF2183 domain-containing protein		GO:0008195	
A0A418US73	NADH-quinone oxidoreductase subunit C	nuoC	GO:0005886,GO:0008137,GO:0048038	7.1.1.-
A0A418UU56	Zinc protease	ptrA	GO:0004222,GO:0006508,GO:0046872	
A0A095WPF9	UPF0029 domain-containing protein	yigZ		
A0A095WT69	Lactamase_B domain-containing protein			
A0A095XYH8		nifU	GO:0005506,GO:0016226,GO:0051536	
A0A7Z0VQ83	MATE family efflux transporter	mdtK	GO:0015297,GO:0016021,GO:0042910	
A0A7Z0VTU9	Phosphatidylinositol phosphate synthase	pgsA1	GO:0008654,GO:0016780	
A0A7Z0VTZ3	Amidohydro-rel domain-containing protein	nagA	GO:0005975,GO:0006044,GO:0008448,GO:0046872	
A0A7Z1AHW9	DNA polymerase III subunit delta'	holB		
F9PNE7	Ribose-phosphate pyrophosphokinase	prs	GO:0000287,GO:0004749,GO:0009165	
A0A7T7S1T0	Leucine--tRNA ligase	leuS	GO:0002161,GO:0004823,GO:0005524,GO:0005737,GO:0006429	6.1.1.4
G9PGT6	Aspartate-semialdehyde dehydrogenase	asd	GO:0004073,GO:0009088,GO:0009089,GO:0009097,GO:0019877,GO:0046983,GO:0050661,GO:0051287,GO:0071266	1.2.1.11
G9PDA9	Putative gluconeogenesis factor	yvcK	GO:0005737,GO:0008360,GO:0043743	
E6KQB6	Elongation factor Ts	tsf	GO:0003746,GO:0005737	
E6KQZ1	Glycine--tRNA ligase	glyQS	GO:0004820,GO:0005524,GO:0005737,GO:0006426	6.1.1.14
E6KPG2	DEAD/DEAH box helicase	helY	GO:0003676,GO:0005524	
E6KQB1	DivIVA domain-containing protein			
A0A1G9U9G8	Trk system potassium uptake protein TrkA	trkA_2	GO:0005886,GO:0015079	
A0A3S4WLE1		sufB	GO:0016226	
A0A095WXQ4	Potassium transporter TrkA	trkA_2	GO:0006813	
A0A095WYI3	GATase domain-containing protein	guaA_2		
A0A095WRR3	Iron-sulfur cluster carrier protein	mrp	GO:0005524,GO:0016226,GO:0016887,GO:0046872,GO:0051536,GO:0140663	
A0A095WMU4	Heat-inducible transcription repressor HrcA	hrcA	GO:0003677,GO:0045892	
A0A7Z1AI77	Adenosylhomocysteine nucleosidase	mtnN		
F9PK92	HTH merR-type domain-containing protein		GO:0003677,GO:0006355	
F9EHN0	IclR family transcriptional regulator	rhmR	GO:0003677,GO:0006355	
G9PDP7	Integral membrane protein	yccF	GO:0016021	
G9PED7	Tellurite resistance protein TerC	alx	GO:0016021	
A0A095WWJ7	Chorismate synthase	aroC	GO:0004107,GO:0008652,GO:0009073,GO:0009423	4.2.3.5
A0A095WVD4	Fructose-bisphosphate aldolase	fbaA	GO:0004332,GO:0006096,GO:0008270	4.1.2.13
A0A095YXJ3	Thioredoxin reductase	trxB	GO:0004791,GO:0005737,GO:0019430	1.8.1.9
A0A095Y6M2	Pyr_redox_2 domain-containing protein	fprA		
A0A3S4SM69	DNA-(apurinic or apyrimidinic site) lyase	fpg	GO:0003684,GO:0006284,GO:0008270,GO:0019104	4.2.99.18
A0A3S4TB17	Cell division ATP-binding protein FtsE	ftsE	GO:0005524	
A0A095WNR2	Glucose-1-phosphate adenylyltransferase	glgC	GO:0005524,GO:0005978,GO:0008878	
C0W2N4	tRNA-2-methylthio-N(6)-dimethylallyladenosine synthase	miaB	GO:0005737,GO:0006400,GO:0035596,GO:0046872,GO:0051539	2.8.4.3
A0A7Z0VRS0		rsmD		
G9PHH6		galK	GO:0004335,GO:0005524,GO:0005737,GO:0006012	
A0A1M6CPY3	Triosephosphate isomerase	tpiA	GO:0004807,GO:0005737,GO:0006094,GO:0006096	5.3.1.1
A0A1M6E7K8	Uracil-DNA glycosylase	ung	GO:0004844,GO:0005737,GO:0006284	3.2.2.27
A0A1M6DDX8	ATP-dependent DNA helicase RecG	recG	GO:0003676,GO:0005524	
E6KPT2	Phospho-N-acetylmuramoyl-pentapeptide-transferase	mraY	GO:0005886,GO:0007049,GO:0008360,GO:0008963,GO:0009252,GO:0016021,GO:0046872,GO:0051301,GO:0071555	2.7.8.13
E6KQ01	Response regulator	pdtaR	GO:0000160,GO:0003723	
A0A1G9T9C2	DNA-directed RNA polymerase subunit beta'	rpoC	GO:0000287,GO:0000428,GO:0003677,GO:0003899,GO:0006351,GO:0008270	2.7.7.6
A0A418UWA1	Ribulose-phosphate 3-epimerase	rpe	GO:0004750,GO:0006098,GO:0019323,GO:0046872	5.1.3.1
A0A418UUA0	AMP_N domain-containing protein	pepPI	GO:0030145,GO:0070006	
A0A095YUH9	50S ribosomal protein L11	rplK	GO:0003735,GO:0005840,GO:0006412,GO:0070180,GO:1990904	
A0A095YTG6	Glyco_trans_4-like_N domain-containing protein	pimA	GO:0016757,GO:0044249,GO:1901576	
A0A7Z1AHX4	CarD_TRCF domain-containing protein			
F9EIJ4	Ribosome hibernation promoting factor	hpf	GO:0005737,GO:0006417,GO:0044238	
G9PCR2	Heme chaperone HemW	hemN	GO:0004109,GO:0005737,GO:0006779,GO:0046872,GO:0051539	
G9PEH5		rpsA	GO:0003676,GO:0005840	
E6KPE9	Guanylate kinase	gmk	GO:0004385,GO:0005524,GO:0005737,GO:0016310	2.7.4.8
E6KRA5	AAA_23 domain-containing protein	sbcC	GO:0140664	
A0A1G9S6M6	Recombination protein RecR	recR	GO:0003677,GO:0006281,GO:0006310,GO:0046872	
A0A3S4UPL6	Protein translocase subunit SecD	secD	GO:0005886,GO:0006605,GO:0015450,GO:0016021,GO:0043952,GO:0065002	
A0A448KC77	ATP synthase gamma chain	atpG	GO:0005524,GO:0005886,GO:0042777,GO:0045261,GO:0046933	
A0A095WWP6	Trigger factor	tig	GO:0003755,GO:0005737,GO:0006457,GO:0007049,GO:0015031,GO:0051301	5.2.1.8
A0A095WXR4	ATP-grasp domain-containing protein		GO:0005524,GO:0046872	
A0A095WT28	Pseudouridine synthase	rluD	GO:0003723	5.4.99.-
A0A095WTK6	N-acetyltransferase domain-containing protein		GO:0016407	
C0W3P3	Aspartate--tRNA(Asp/Asn) ligase	aspS	GO:0003676,GO:0004815,GO:0005524,GO:0005737,GO:0006422	6.1.1.23
C0W7X5	Dihydroxy-acid dehydratase	ilvD	GO:0000287,GO:0004160,GO:0009097,GO:0009099,GO:0051537	4.2.1.9
A0A7Z1AJC1	Glycine radical domain-containing protein	grcA		
J1HA52	ROK family protein	ppgK_1		
F9PJF9	Cytochrome ubiquinol oxidase subunit I	cydA	GO:0005886,GO:0009055,GO:0016021,GO:0019646,GO:0046872,GO:0070069	
A0A7T7MAE4	O-methyltransferase		GO:0008171,GO:0032259	
G9PDQ2	2-hydroxyhepta-2,4-diene-1,7-dioate isomerase	ycgM		
G9PHV2	ATPase of the ABC class			
A0A1M6HH15	Threonine--tRNA ligase	thrS	GO:0000049,GO:0004829,GO:0005524,GO:0005737,GO:0006435,GO:0046872	6.1.1.3
E6KSR5	Ribonucleoside-diphosphate reductase subunit beta	nrdF	GO:0005971,GO:0006260,GO:0009263,GO:0046872	1.17.4.1
E6KQC1	AAA domain-containing protein	comM	GO:0005524	
E6KUV3	Glucokinase	glk		
A0A095WQJ7	Mannose-6-phosphate isomerase	manA	GO:0004476,GO:0005975,GO:0008270,GO:0009298	5.3.1.8
A0A095Y6T9	Dihydropteroate synthase	folP	GO:0004156	
A0A095WV42	Ppx-GppA domain-containing protein	gppA		
A0A448HKC2	Tyrosine recombinase XerC	xerC	GO:0003677	
A0A095WMR2	Malate dehydrogenase	mdh	GO:0006099,GO:0006108,GO:0030060	1.1.1.37
A0A095WQC2	Transcription elongation factor GreA	greA	GO:0003677,GO:0032784,GO:0070063	
C0W2H2	Nicotinate phosphoribosyltransferase	pncB	GO:0004514,GO:0004516,GO:0009435	6.3.4.21
A0A7Z0VSD2	Lysine--tRNA ligase	lysS	GO:0003676,GO:0004824,GO:0005524,GO:0005737,GO:0006430	6.1.1.6
A0A7Z0VS57	4Fe-4S ferredoxin-type domain-containing protein	frdB_2	GO:0009055,GO:0046872,GO:0051537,GO:0051538	
A0A7Z1AHL9	Exonuclease domain-containing protein	dnaQ	GO:0003676	
A0A7Z1AI35	PspC domain-containing protein		GO:0016021	
E6KPF5	Methionyl-tRNA formyltransferase	fmt	GO:0004479	2.1.2.9
E6KPR5	1-(5-phosphoribosyl)-5-[(5-phosphoribosylamino)methylideneamino] imidazole-4-carboxamide isomerase	hisA	GO:0000105,GO:0003949	
E6KR70		rpiB	GO:0005975	
A0A3P1V6Y3	Succinate dehydrogenase flavoprotein subunit	sdhA	GO:0008202,GO:0033765	
A0A095WTK5	50S ribosomal protein L9	rplI	GO:0003735,GO:0005840,GO:0006412,GO:0019843,GO:1990904	
A0A095WYM9	Pantothenate kinase	coaA	GO:0004594,GO:0005524,GO:0005737,GO:0015937,GO:0016310	2.7.1.33
A0A095XZK7	UDP-N-acetylenolpyruvoylglucosamine reductase	murB	GO:0005737,GO:0007049,GO:0008360,GO:0008762,GO:0009252,GO:0051301,GO:0071555,GO:0071949	1.3.1.98
A0A095XWN8	ATP-dependent Clp protease ATP-binding subunit ClpX	clpX	GO:0005524,GO:0006508,GO:0008233,GO:0008270,GO:0016887,GO:0046983,GO:0051082,GO:0140662	
A0A095Y0U3	Cell division protein FtsX	ftsX	GO:0005886,GO:0007049,GO:0016021,GO:0051301	
A0A095WNG9	DNA primase			
A0A095ZP68	Protein NrdI	nrdI	GO:0010181,GO:0036211	
A0A7Z0VR07	Fumarate hydratase class II	aspA	GO:0006099	
A0A7Z0VSD9	Adenylosuccinate synthetase	purA	GO:0000287,GO:0004019,GO:0005525,GO:0005737,GO:0044208	6.3.4.4
J0WI28	Proton_antipo_M domain-containing protein	ndhD1	GO:0008137,GO:0016021,GO:0042773	
F9EIE7	HlyC/CorC family transporter	corC_2	GO:0016021,GO:0050660	
G9PCW2	Long-chain fatty acid--CoA ligase	fadD2		
E6KPF6	SAM_MT_RSMB_NOP domain-containing protein	rsmB	GO:0001510,GO:0003723,GO:0006355,GO:0008168	
E6KPR8	DNA polymerase III subunit alpha	dnaE	GO:0003887,GO:0006260,GO:0008408	2.7.7.7
E6KPM3	Short-chain dehydrogenase	ydfG		
E6KU14	NlpC/P60 domain-containing protein	spl		
A0A448KDB1	ABC transporter ATP-binding protein	cydD	GO:0005524,GO:0016021,GO:0140359	
A0A095WUH8	dITP/XTP pyrophosphatase	rdgB	GO:0000166,GO:0009117,GO:0009146,GO:0017111,GO:0046872	3.6.1.66
A0A7Z0VSA4	ATP-grasp domain-containing protein			
A0A7Z1AI85	Lactamase_B domain-containing protein	rbn		
F9EIE9	SGNH_hydro domain-containing protein			
G9PEA8	GTP pyrophosphokinase	relA	GO:0015970	2.7.6.5
E6KTX4	DUF4032 domain-containing protein			
E6KU15	Universal stress protein			
A0A448KB88	AAA domain-containing protein	rarA_1	GO:0003677,GO:0005524,GO:0006260	
A0A095YZ31	Bifunctional protein FolD	folD	GO:0000105,GO:0004477,GO:0004488,GO:0006164,GO:0009086,GO:0035999	1.5.1.5,3.5.4.9
A0A095WUY1	Osmotically inducible protein OsmC			
A0A095WXC1	PDDEXK_1 domain-containing protein			
A0A448HIY5	Methionine--tRNA ligase	metG	GO:0004825,GO:0005524,GO:0005737,GO:0006431,GO:0046872	6.1.1.10
A0A418UW89	DNA polymerase I	polA	GO:0003677,GO:0003887,GO:0006261,GO:0006281	2.7.7.7
A0A418UT43	ABC transporter domain-containing protein	lptB_1	GO:0005524	
A0A095XY29	PlsC domain-containing protein	plsC		
A0A7Z0VU29	Protein translocase subunit SecA	secA	GO:0005524,GO:0005737,GO:0005886,GO:0006605,GO:0017038,GO:0065002	7.4.2.8
A0A7Z0VSE8	DNA helicase	uvrD	GO:0003677,GO:0003678,GO:0005524	3.6.4.12
